[
{
  "model": "auth.permission",
  "pk": 1,
  "fields": {
    "name": "Can add log entry",
    "content_type": 1,
    "codename": "add_logentry"
  }
},
{
  "model": "auth.permission",
  "pk": 2,
  "fields": {
    "name": "Can change log entry",
    "content_type": 1,
    "codename": "change_logentry"
  }
},
{
  "model": "auth.permission",
  "pk": 3,
  "fields": {
    "name": "Can delete log entry",
    "content_type": 1,
    "codename": "delete_logentry"
  }
},
{
  "model": "auth.permission",
  "pk": 4,
  "fields": {
    "name": "Can view log entry",
    "content_type": 1,
    "codename": "view_logentry"
  }
},
{
  "model": "auth.permission",
  "pk": 5,
  "fields": {
    "name": "Can add permission",
    "content_type": 2,
    "codename": "add_permission"
  }
},
{
  "model": "auth.permission",
  "pk": 6,
  "fields": {
    "name": "Can change permission",
    "content_type": 2,
    "codename": "change_permission"
  }
},
{
  "model": "auth.permission",
  "pk": 7,
  "fields": {
    "name": "Can delete permission",
    "content_type": 2,
    "codename": "delete_permission"
  }
},
{
  "model": "auth.permission",
  "pk": 8,
  "fields": {
    "name": "Can view permission",
    "content_type": 2,
    "codename": "view_permission"
  }
},
{
  "model": "auth.permission",
  "pk": 9,
  "fields": {
    "name": "Can add group",
    "content_type": 3,
    "codename": "add_group"
  }
},
{
  "model": "auth.permission",
  "pk": 10,
  "fields": {
    "name": "Can change group",
    "content_type": 3,
    "codename": "change_group"
  }
},
{
  "model": "auth.permission",
  "pk": 11,
  "fields": {
    "name": "Can delete group",
    "content_type": 3,
    "codename": "delete_group"
  }
},
{
  "model": "auth.permission",
  "pk": 12,
  "fields": {
    "name": "Can view group",
    "content_type": 3,
    "codename": "view_group"
  }
},
{
  "model": "auth.permission",
  "pk": 13,
  "fields": {
    "name": "Can add user",
    "content_type": 4,
    "codename": "add_user"
  }
},
{
  "model": "auth.permission",
  "pk": 14,
  "fields": {
    "name": "Can change user",
    "content_type": 4,
    "codename": "change_user"
  }
},
{
  "model": "auth.permission",
  "pk": 15,
  "fields": {
    "name": "Can delete user",
    "content_type": 4,
    "codename": "delete_user"
  }
},
{
  "model": "auth.permission",
  "pk": 16,
  "fields": {
    "name": "Can view user",
    "content_type": 4,
    "codename": "view_user"
  }
},
{
  "model": "auth.permission",
  "pk": 17,
  "fields": {
    "name": "Can add content type",
    "content_type": 5,
    "codename": "add_contenttype"
  }
},
{
  "model": "auth.permission",
  "pk": 18,
  "fields": {
    "name": "Can change content type",
    "content_type": 5,
    "codename": "change_contenttype"
  }
},
{
  "model": "auth.permission",
  "pk": 19,
  "fields": {
    "name": "Can delete content type",
    "content_type": 5,
    "codename": "delete_contenttype"
  }
},
{
  "model": "auth.permission",
  "pk": 20,
  "fields": {
    "name": "Can view content type",
    "content_type": 5,
    "codename": "view_contenttype"
  }
},
{
  "model": "auth.permission",
  "pk": 21,
  "fields": {
    "name": "Can add session",
    "content_type": 6,
    "codename": "add_session"
  }
},
{
  "model": "auth.permission",
  "pk": 22,
  "fields": {
    "name": "Can change session",
    "content_type": 6,
    "codename": "change_session"
  }
},
{
  "model": "auth.permission",
  "pk": 23,
  "fields": {
    "name": "Can delete session",
    "content_type": 6,
    "codename": "delete_session"
  }
},
{
  "model": "auth.permission",
  "pk": 24,
  "fields": {
    "name": "Can view session",
    "content_type": 6,
    "codename": "view_session"
  }
},
{
  "model": "auth.permission",
  "pk": 25,
  "fields": {
    "name": "Can add access_credential",
    "content_type": 7,
    "codename": "add_access_credential"
  }
},
{
  "model": "auth.permission",
  "pk": 26,
  "fields": {
    "name": "Can change access_credential",
    "content_type": 7,
    "codename": "change_access_credential"
  }
},
{
  "model": "auth.permission",
  "pk": 27,
  "fields": {
    "name": "Can delete access_credential",
    "content_type": 7,
    "codename": "delete_access_credential"
  }
},
{
  "model": "auth.permission",
  "pk": 28,
  "fields": {
    "name": "Can view access_credential",
    "content_type": 7,
    "codename": "view_access_credential"
  }
},
{
  "model": "auth.permission",
  "pk": 29,
  "fields": {
    "name": "Can add adopcion",
    "content_type": 8,
    "codename": "add_adopcion"
  }
},
{
  "model": "auth.permission",
  "pk": 30,
  "fields": {
    "name": "Can change adopcion",
    "content_type": 8,
    "codename": "change_adopcion"
  }
},
{
  "model": "auth.permission",
  "pk": 31,
  "fields": {
    "name": "Can delete adopcion",
    "content_type": 8,
    "codename": "delete_adopcion"
  }
},
{
  "model": "auth.permission",
  "pk": 32,
  "fields": {
    "name": "Can view adopcion",
    "content_type": 8,
    "codename": "view_adopcion"
  }
},
{
  "model": "auth.permission",
  "pk": 33,
  "fields": {
    "name": "Can add adoption_acepted",
    "content_type": 9,
    "codename": "add_adoption_acepted"
  }
},
{
  "model": "auth.permission",
  "pk": 34,
  "fields": {
    "name": "Can change adoption_acepted",
    "content_type": 9,
    "codename": "change_adoption_acepted"
  }
},
{
  "model": "auth.permission",
  "pk": 35,
  "fields": {
    "name": "Can delete adoption_acepted",
    "content_type": 9,
    "codename": "delete_adoption_acepted"
  }
},
{
  "model": "auth.permission",
  "pk": 36,
  "fields": {
    "name": "Can view adoption_acepted",
    "content_type": 9,
    "codename": "view_adoption_acepted"
  }
},
{
  "model": "auth.permission",
  "pk": 37,
  "fields": {
    "name": "Can add adoptions_in_process",
    "content_type": 10,
    "codename": "add_adoptions_in_process"
  }
},
{
  "model": "auth.permission",
  "pk": 38,
  "fields": {
    "name": "Can change adoptions_in_process",
    "content_type": 10,
    "codename": "change_adoptions_in_process"
  }
},
{
  "model": "auth.permission",
  "pk": 39,
  "fields": {
    "name": "Can delete adoptions_in_process",
    "content_type": 10,
    "codename": "delete_adoptions_in_process"
  }
},
{
  "model": "auth.permission",
  "pk": 40,
  "fields": {
    "name": "Can view adoptions_in_process",
    "content_type": 10,
    "codename": "view_adoptions_in_process"
  }
},
{
  "model": "auth.permission",
  "pk": 41,
  "fields": {
    "name": "Can add auth group",
    "content_type": 11,
    "codename": "add_authgroup"
  }
},
{
  "model": "auth.permission",
  "pk": 42,
  "fields": {
    "name": "Can change auth group",
    "content_type": 11,
    "codename": "change_authgroup"
  }
},
{
  "model": "auth.permission",
  "pk": 43,
  "fields": {
    "name": "Can delete auth group",
    "content_type": 11,
    "codename": "delete_authgroup"
  }
},
{
  "model": "auth.permission",
  "pk": 44,
  "fields": {
    "name": "Can view auth group",
    "content_type": 11,
    "codename": "view_authgroup"
  }
},
{
  "model": "auth.permission",
  "pk": 45,
  "fields": {
    "name": "Can add auth group permissions",
    "content_type": 12,
    "codename": "add_authgrouppermissions"
  }
},
{
  "model": "auth.permission",
  "pk": 46,
  "fields": {
    "name": "Can change auth group permissions",
    "content_type": 12,
    "codename": "change_authgrouppermissions"
  }
},
{
  "model": "auth.permission",
  "pk": 47,
  "fields": {
    "name": "Can delete auth group permissions",
    "content_type": 12,
    "codename": "delete_authgrouppermissions"
  }
},
{
  "model": "auth.permission",
  "pk": 48,
  "fields": {
    "name": "Can view auth group permissions",
    "content_type": 12,
    "codename": "view_authgrouppermissions"
  }
},
{
  "model": "auth.permission",
  "pk": 49,
  "fields": {
    "name": "Can add auth permission",
    "content_type": 13,
    "codename": "add_authpermission"
  }
},
{
  "model": "auth.permission",
  "pk": 50,
  "fields": {
    "name": "Can change auth permission",
    "content_type": 13,
    "codename": "change_authpermission"
  }
},
{
  "model": "auth.permission",
  "pk": 51,
  "fields": {
    "name": "Can delete auth permission",
    "content_type": 13,
    "codename": "delete_authpermission"
  }
},
{
  "model": "auth.permission",
  "pk": 52,
  "fields": {
    "name": "Can view auth permission",
    "content_type": 13,
    "codename": "view_authpermission"
  }
},
{
  "model": "auth.permission",
  "pk": 53,
  "fields": {
    "name": "Can add auth user",
    "content_type": 14,
    "codename": "add_authuser"
  }
},
{
  "model": "auth.permission",
  "pk": 54,
  "fields": {
    "name": "Can change auth user",
    "content_type": 14,
    "codename": "change_authuser"
  }
},
{
  "model": "auth.permission",
  "pk": 55,
  "fields": {
    "name": "Can delete auth user",
    "content_type": 14,
    "codename": "delete_authuser"
  }
},
{
  "model": "auth.permission",
  "pk": 56,
  "fields": {
    "name": "Can view auth user",
    "content_type": 14,
    "codename": "view_authuser"
  }
},
{
  "model": "auth.permission",
  "pk": 57,
  "fields": {
    "name": "Can add auth user groups",
    "content_type": 15,
    "codename": "add_authusergroups"
  }
},
{
  "model": "auth.permission",
  "pk": 58,
  "fields": {
    "name": "Can change auth user groups",
    "content_type": 15,
    "codename": "change_authusergroups"
  }
},
{
  "model": "auth.permission",
  "pk": 59,
  "fields": {
    "name": "Can delete auth user groups",
    "content_type": 15,
    "codename": "delete_authusergroups"
  }
},
{
  "model": "auth.permission",
  "pk": 60,
  "fields": {
    "name": "Can view auth user groups",
    "content_type": 15,
    "codename": "view_authusergroups"
  }
},
{
  "model": "auth.permission",
  "pk": 61,
  "fields": {
    "name": "Can add auth user user permissions",
    "content_type": 16,
    "codename": "add_authuseruserpermissions"
  }
},
{
  "model": "auth.permission",
  "pk": 62,
  "fields": {
    "name": "Can change auth user user permissions",
    "content_type": 16,
    "codename": "change_authuseruserpermissions"
  }
},
{
  "model": "auth.permission",
  "pk": 63,
  "fields": {
    "name": "Can delete auth user user permissions",
    "content_type": 16,
    "codename": "delete_authuseruserpermissions"
  }
},
{
  "model": "auth.permission",
  "pk": 64,
  "fields": {
    "name": "Can view auth user user permissions",
    "content_type": 16,
    "codename": "view_authuseruserpermissions"
  }
},
{
  "model": "auth.permission",
  "pk": 65,
  "fields": {
    "name": "Can add cliente",
    "content_type": 17,
    "codename": "add_cliente"
  }
},
{
  "model": "auth.permission",
  "pk": 66,
  "fields": {
    "name": "Can change cliente",
    "content_type": 17,
    "codename": "change_cliente"
  }
},
{
  "model": "auth.permission",
  "pk": 67,
  "fields": {
    "name": "Can delete cliente",
    "content_type": 17,
    "codename": "delete_cliente"
  }
},
{
  "model": "auth.permission",
  "pk": 68,
  "fields": {
    "name": "Can view cliente",
    "content_type": 17,
    "codename": "view_cliente"
  }
},
{
  "model": "auth.permission",
  "pk": 69,
  "fields": {
    "name": "Can add cliente_contact",
    "content_type": 18,
    "codename": "add_cliente_contact"
  }
},
{
  "model": "auth.permission",
  "pk": 70,
  "fields": {
    "name": "Can change cliente_contact",
    "content_type": 18,
    "codename": "change_cliente_contact"
  }
},
{
  "model": "auth.permission",
  "pk": 71,
  "fields": {
    "name": "Can delete cliente_contact",
    "content_type": 18,
    "codename": "delete_cliente_contact"
  }
},
{
  "model": "auth.permission",
  "pk": 72,
  "fields": {
    "name": "Can view cliente_contact",
    "content_type": 18,
    "codename": "view_cliente_contact"
  }
},
{
  "model": "auth.permission",
  "pk": 73,
  "fields": {
    "name": "Can add cuidado",
    "content_type": 19,
    "codename": "add_cuidado"
  }
},
{
  "model": "auth.permission",
  "pk": 74,
  "fields": {
    "name": "Can change cuidado",
    "content_type": 19,
    "codename": "change_cuidado"
  }
},
{
  "model": "auth.permission",
  "pk": 75,
  "fields": {
    "name": "Can delete cuidado",
    "content_type": 19,
    "codename": "delete_cuidado"
  }
},
{
  "model": "auth.permission",
  "pk": 76,
  "fields": {
    "name": "Can view cuidado",
    "content_type": 19,
    "codename": "view_cuidado"
  }
},
{
  "model": "auth.permission",
  "pk": 77,
  "fields": {
    "name": "Can add django admin log",
    "content_type": 20,
    "codename": "add_djangoadminlog"
  }
},
{
  "model": "auth.permission",
  "pk": 78,
  "fields": {
    "name": "Can change django admin log",
    "content_type": 20,
    "codename": "change_djangoadminlog"
  }
},
{
  "model": "auth.permission",
  "pk": 79,
  "fields": {
    "name": "Can delete django admin log",
    "content_type": 20,
    "codename": "delete_djangoadminlog"
  }
},
{
  "model": "auth.permission",
  "pk": 80,
  "fields": {
    "name": "Can view django admin log",
    "content_type": 20,
    "codename": "view_djangoadminlog"
  }
},
{
  "model": "auth.permission",
  "pk": 81,
  "fields": {
    "name": "Can add django content type",
    "content_type": 21,
    "codename": "add_djangocontenttype"
  }
},
{
  "model": "auth.permission",
  "pk": 82,
  "fields": {
    "name": "Can change django content type",
    "content_type": 21,
    "codename": "change_djangocontenttype"
  }
},
{
  "model": "auth.permission",
  "pk": 83,
  "fields": {
    "name": "Can delete django content type",
    "content_type": 21,
    "codename": "delete_djangocontenttype"
  }
},
{
  "model": "auth.permission",
  "pk": 84,
  "fields": {
    "name": "Can view django content type",
    "content_type": 21,
    "codename": "view_djangocontenttype"
  }
},
{
  "model": "auth.permission",
  "pk": 85,
  "fields": {
    "name": "Can add django migrations",
    "content_type": 22,
    "codename": "add_djangomigrations"
  }
},
{
  "model": "auth.permission",
  "pk": 86,
  "fields": {
    "name": "Can change django migrations",
    "content_type": 22,
    "codename": "change_djangomigrations"
  }
},
{
  "model": "auth.permission",
  "pk": 87,
  "fields": {
    "name": "Can delete django migrations",
    "content_type": 22,
    "codename": "delete_djangomigrations"
  }
},
{
  "model": "auth.permission",
  "pk": 88,
  "fields": {
    "name": "Can view django migrations",
    "content_type": 22,
    "codename": "view_djangomigrations"
  }
},
{
  "model": "auth.permission",
  "pk": 89,
  "fields": {
    "name": "Can add django session",
    "content_type": 23,
    "codename": "add_djangosession"
  }
},
{
  "model": "auth.permission",
  "pk": 90,
  "fields": {
    "name": "Can change django session",
    "content_type": 23,
    "codename": "change_djangosession"
  }
},
{
  "model": "auth.permission",
  "pk": 91,
  "fields": {
    "name": "Can delete django session",
    "content_type": 23,
    "codename": "delete_djangosession"
  }
},
{
  "model": "auth.permission",
  "pk": 92,
  "fields": {
    "name": "Can view django session",
    "content_type": 23,
    "codename": "view_djangosession"
  }
},
{
  "model": "auth.permission",
  "pk": 93,
  "fields": {
    "name": "Can add empleado",
    "content_type": 24,
    "codename": "add_empleado"
  }
},
{
  "model": "auth.permission",
  "pk": 94,
  "fields": {
    "name": "Can change empleado",
    "content_type": 24,
    "codename": "change_empleado"
  }
},
{
  "model": "auth.permission",
  "pk": 95,
  "fields": {
    "name": "Can delete empleado",
    "content_type": 24,
    "codename": "delete_empleado"
  }
},
{
  "model": "auth.permission",
  "pk": 96,
  "fields": {
    "name": "Can view empleado",
    "content_type": 24,
    "codename": "view_empleado"
  }
},
{
  "model": "auth.permission",
  "pk": 97,
  "fields": {
    "name": "Can add especie",
    "content_type": 25,
    "codename": "add_especie"
  }
},
{
  "model": "auth.permission",
  "pk": 98,
  "fields": {
    "name": "Can change especie",
    "content_type": 25,
    "codename": "change_especie"
  }
},
{
  "model": "auth.permission",
  "pk": 99,
  "fields": {
    "name": "Can delete especie",
    "content_type": 25,
    "codename": "delete_especie"
  }
},
{
  "model": "auth.permission",
  "pk": 100,
  "fields": {
    "name": "Can view especie",
    "content_type": 25,
    "codename": "view_especie"
  }
},
{
  "model": "auth.permission",
  "pk": 101,
  "fields": {
    "name": "Can add mascota",
    "content_type": 26,
    "codename": "add_mascota"
  }
},
{
  "model": "auth.permission",
  "pk": 102,
  "fields": {
    "name": "Can change mascota",
    "content_type": 26,
    "codename": "change_mascota"
  }
},
{
  "model": "auth.permission",
  "pk": 103,
  "fields": {
    "name": "Can delete mascota",
    "content_type": 26,
    "codename": "delete_mascota"
  }
},
{
  "model": "auth.permission",
  "pk": 104,
  "fields": {
    "name": "Can view mascota",
    "content_type": 26,
    "codename": "view_mascota"
  }
},
{
  "model": "auth.permission",
  "pk": 105,
  "fields": {
    "name": "Can add perfiles",
    "content_type": 27,
    "codename": "add_perfiles"
  }
},
{
  "model": "auth.permission",
  "pk": 106,
  "fields": {
    "name": "Can change perfiles",
    "content_type": 27,
    "codename": "change_perfiles"
  }
},
{
  "model": "auth.permission",
  "pk": 107,
  "fields": {
    "name": "Can delete perfiles",
    "content_type": 27,
    "codename": "delete_perfiles"
  }
},
{
  "model": "auth.permission",
  "pk": 108,
  "fields": {
    "name": "Can view perfiles",
    "content_type": 27,
    "codename": "view_perfiles"
  }
},
{
  "model": "auth.permission",
  "pk": 109,
  "fields": {
    "name": "Can add raza",
    "content_type": 28,
    "codename": "add_raza"
  }
},
{
  "model": "auth.permission",
  "pk": 110,
  "fields": {
    "name": "Can change raza",
    "content_type": 28,
    "codename": "change_raza"
  }
},
{
  "model": "auth.permission",
  "pk": 111,
  "fields": {
    "name": "Can delete raza",
    "content_type": 28,
    "codename": "delete_raza"
  }
},
{
  "model": "auth.permission",
  "pk": 112,
  "fields": {
    "name": "Can view raza",
    "content_type": 28,
    "codename": "view_raza"
  }
},
{
  "model": "auth.permission",
  "pk": 113,
  "fields": {
    "name": "Can add real_name",
    "content_type": 29,
    "codename": "add_real_name"
  }
},
{
  "model": "auth.permission",
  "pk": 114,
  "fields": {
    "name": "Can change real_name",
    "content_type": 29,
    "codename": "change_real_name"
  }
},
{
  "model": "auth.permission",
  "pk": 115,
  "fields": {
    "name": "Can delete real_name",
    "content_type": 29,
    "codename": "delete_real_name"
  }
},
{
  "model": "auth.permission",
  "pk": 116,
  "fields": {
    "name": "Can view real_name",
    "content_type": 29,
    "codename": "view_real_name"
  }
},
{
  "model": "auth.user",
  "pk": 1,
  "fields": {
    "password": "pbkdf2_sha256$600000$Oj3k8mwzO24FIioCSR1J5b$Aelw5m3HQX4fbD16Jd8PNkx89/sqx978x9VyEwye2jA=",
    "last_login": "2023-12-02T01:23:04.152Z",
    "is_superuser": true,
    "username": "eldonas",
    "first_name": "",
    "last_name": "",
    "email": "eldonas1@protonmail.com",
    "is_staff": true,
    "is_active": true,
    "date_joined": "2023-12-02T01:22:18.467Z",
    "groups": [],
    "user_permissions": []
  }
},
{
  "model": "contenttypes.contenttype",
  "pk": 1,
  "fields": {
    "app_label": "admin",
    "model": "logentry"
  }
},
{
  "model": "contenttypes.contenttype",
  "pk": 2,
  "fields": {
    "app_label": "auth",
    "model": "permission"
  }
},
{
  "model": "contenttypes.contenttype",
  "pk": 3,
  "fields": {
    "app_label": "auth",
    "model": "group"
  }
},
{
  "model": "contenttypes.contenttype",
  "pk": 4,
  "fields": {
    "app_label": "auth",
    "model": "user"
  }
},
{
  "model": "contenttypes.contenttype",
  "pk": 5,
  "fields": {
    "app_label": "contenttypes",
    "model": "contenttype"
  }
},
{
  "model": "contenttypes.contenttype",
  "pk": 6,
  "fields": {
    "app_label": "sessions",
    "model": "session"
  }
},
{
  "model": "contenttypes.contenttype",
  "pk": 7,
  "fields": {
    "app_label": "Inicio",
    "model": "access_credential"
  }
},
{
  "model": "contenttypes.contenttype",
  "pk": 8,
  "fields": {
    "app_label": "Inicio",
    "model": "adopcion"
  }
},
{
  "model": "contenttypes.contenttype",
  "pk": 9,
  "fields": {
    "app_label": "Inicio",
    "model": "adoption_acepted"
  }
},
{
  "model": "contenttypes.contenttype",
  "pk": 10,
  "fields": {
    "app_label": "Inicio",
    "model": "adoptions_in_process"
  }
},
{
  "model": "contenttypes.contenttype",
  "pk": 11,
  "fields": {
    "app_label": "Inicio",
    "model": "authgroup"
  }
},
{
  "model": "contenttypes.contenttype",
  "pk": 12,
  "fields": {
    "app_label": "Inicio",
    "model": "authgrouppermissions"
  }
},
{
  "model": "contenttypes.contenttype",
  "pk": 13,
  "fields": {
    "app_label": "Inicio",
    "model": "authpermission"
  }
},
{
  "model": "contenttypes.contenttype",
  "pk": 14,
  "fields": {
    "app_label": "Inicio",
    "model": "authuser"
  }
},
{
  "model": "contenttypes.contenttype",
  "pk": 15,
  "fields": {
    "app_label": "Inicio",
    "model": "authusergroups"
  }
},
{
  "model": "contenttypes.contenttype",
  "pk": 16,
  "fields": {
    "app_label": "Inicio",
    "model": "authuseruserpermissions"
  }
},
{
  "model": "contenttypes.contenttype",
  "pk": 17,
  "fields": {
    "app_label": "Inicio",
    "model": "cliente"
  }
},
{
  "model": "contenttypes.contenttype",
  "pk": 18,
  "fields": {
    "app_label": "Inicio",
    "model": "cliente_contact"
  }
},
{
  "model": "contenttypes.contenttype",
  "pk": 19,
  "fields": {
    "app_label": "Inicio",
    "model": "cuidado"
  }
},
{
  "model": "contenttypes.contenttype",
  "pk": 20,
  "fields": {
    "app_label": "Inicio",
    "model": "djangoadminlog"
  }
},
{
  "model": "contenttypes.contenttype",
  "pk": 21,
  "fields": {
    "app_label": "Inicio",
    "model": "djangocontenttype"
  }
},
{
  "model": "contenttypes.contenttype",
  "pk": 22,
  "fields": {
    "app_label": "Inicio",
    "model": "djangomigrations"
  }
},
{
  "model": "contenttypes.contenttype",
  "pk": 23,
  "fields": {
    "app_label": "Inicio",
    "model": "djangosession"
  }
},
{
  "model": "contenttypes.contenttype",
  "pk": 24,
  "fields": {
    "app_label": "Inicio",
    "model": "empleado"
  }
},
{
  "model": "contenttypes.contenttype",
  "pk": 25,
  "fields": {
    "app_label": "Inicio",
    "model": "especie"
  }
},
{
  "model": "contenttypes.contenttype",
  "pk": 26,
  "fields": {
    "app_label": "Inicio",
    "model": "mascota"
  }
},
{
  "model": "contenttypes.contenttype",
  "pk": 27,
  "fields": {
    "app_label": "Inicio",
    "model": "perfiles"
  }
},
{
  "model": "contenttypes.contenttype",
  "pk": 28,
  "fields": {
    "app_label": "Inicio",
    "model": "raza"
  }
},
{
  "model": "contenttypes.contenttype",
  "pk": 29,
  "fields": {
    "app_label": "Inicio",
    "model": "real_name"
  }
},
{
  "model": "sessions.session",
  "pk": "wpjvukv25boqs9312nrxmbhz5epqvolm",
  "fields": {
    "session_data": ".eJxVjEsOwiAUAO_C2pDyB5fuewbyHg-kamhS2pXx7oakC93OTObNIhx7jUfPW1yIXZlgl1-GkJ65DUEPaPeVp7Xt24J8JPy0nc8r5dftbP8GFXodW3CTDeQgOFN8Dsphlhk0oPDaOEx-IqO9K0piIJvQi2S1CmilKqgN-3wB39E3uQ:1r9Eim:6XLwGqTJ6qfBGZa4lSnE65V-VgE1h0plIFt2iAOickE",
    "expire_date": "2023-12-16T01:23:04.192Z"
  }
},
{
  "model": "Inicio.adopcion",
  "pk": 2,
  "fields": {
    "cliente": 2,
    "empleado": 2,
    "mascota": 3,
    "fecha_adopcion": "2023-03-20T00:00:00Z",
    "status_adopcion": 0,
    "created_at": null,
    "updated_at": null,
    "deleted_at": null
  }
},
{
  "model": "Inicio.adopcion",
  "pk": 3,
  "fields": {
    "cliente": 3,
    "empleado": 3,
    "mascota": 5,
    "fecha_adopcion": "2023-03-20T00:00:00Z",
    "status_adopcion": 1,
    "created_at": null,
    "updated_at": null,
    "deleted_at": null
  }
},
{
  "model": "Inicio.adopcion",
  "pk": 4,
  "fields": {
    "cliente": 4,
    "empleado": 1,
    "mascota": 7,
    "fecha_adopcion": "2023-03-20T00:00:00Z",
    "status_adopcion": 0,
    "created_at": null,
    "updated_at": null,
    "deleted_at": null
  }
},
{
  "model": "Inicio.adopcion",
  "pk": 5,
  "fields": {
    "cliente": 5,
    "empleado": 2,
    "mascota": 1,
    "fecha_adopcion": "2023-03-20T00:00:00Z",
    "status_adopcion": 1,
    "created_at": null,
    "updated_at": null,
    "deleted_at": null
  }
},
{
  "model": "Inicio.adopcion",
  "pk": 6,
  "fields": {
    "cliente": 6,
    "empleado": 3,
    "mascota": 1,
    "fecha_adopcion": "2023-03-20T00:00:00Z",
    "status_adopcion": 0,
    "created_at": null,
    "updated_at": null,
    "deleted_at": null
  }
},
{
  "model": "Inicio.adopcion",
  "pk": 8,
  "fields": {
    "cliente": 3,
    "empleado": 2,
    "mascota": 2,
    "fecha_adopcion": "2023-12-06T00:00:00Z",
    "status_adopcion": 0,
    "created_at": null,
    "updated_at": null,
    "deleted_at": null
  }
},
{
  "model": "Inicio.authpermission",
  "pk": 1,
  "fields": {
    "name": "Can add log entry",
    "content_type": 1,
    "codename": "add_logentry"
  }
},
{
  "model": "Inicio.authpermission",
  "pk": 2,
  "fields": {
    "name": "Can change log entry",
    "content_type": 1,
    "codename": "change_logentry"
  }
},
{
  "model": "Inicio.authpermission",
  "pk": 3,
  "fields": {
    "name": "Can delete log entry",
    "content_type": 1,
    "codename": "delete_logentry"
  }
},
{
  "model": "Inicio.authpermission",
  "pk": 4,
  "fields": {
    "name": "Can view log entry",
    "content_type": 1,
    "codename": "view_logentry"
  }
},
{
  "model": "Inicio.authpermission",
  "pk": 5,
  "fields": {
    "name": "Can add permission",
    "content_type": 2,
    "codename": "add_permission"
  }
},
{
  "model": "Inicio.authpermission",
  "pk": 6,
  "fields": {
    "name": "Can change permission",
    "content_type": 2,
    "codename": "change_permission"
  }
},
{
  "model": "Inicio.authpermission",
  "pk": 7,
  "fields": {
    "name": "Can delete permission",
    "content_type": 2,
    "codename": "delete_permission"
  }
},
{
  "model": "Inicio.authpermission",
  "pk": 8,
  "fields": {
    "name": "Can view permission",
    "content_type": 2,
    "codename": "view_permission"
  }
},
{
  "model": "Inicio.authpermission",
  "pk": 9,
  "fields": {
    "name": "Can add group",
    "content_type": 3,
    "codename": "add_group"
  }
},
{
  "model": "Inicio.authpermission",
  "pk": 10,
  "fields": {
    "name": "Can change group",
    "content_type": 3,
    "codename": "change_group"
  }
},
{
  "model": "Inicio.authpermission",
  "pk": 11,
  "fields": {
    "name": "Can delete group",
    "content_type": 3,
    "codename": "delete_group"
  }
},
{
  "model": "Inicio.authpermission",
  "pk": 12,
  "fields": {
    "name": "Can view group",
    "content_type": 3,
    "codename": "view_group"
  }
},
{
  "model": "Inicio.authpermission",
  "pk": 13,
  "fields": {
    "name": "Can add user",
    "content_type": 4,
    "codename": "add_user"
  }
},
{
  "model": "Inicio.authpermission",
  "pk": 14,
  "fields": {
    "name": "Can change user",
    "content_type": 4,
    "codename": "change_user"
  }
},
{
  "model": "Inicio.authpermission",
  "pk": 15,
  "fields": {
    "name": "Can delete user",
    "content_type": 4,
    "codename": "delete_user"
  }
},
{
  "model": "Inicio.authpermission",
  "pk": 16,
  "fields": {
    "name": "Can view user",
    "content_type": 4,
    "codename": "view_user"
  }
},
{
  "model": "Inicio.authpermission",
  "pk": 17,
  "fields": {
    "name": "Can add content type",
    "content_type": 5,
    "codename": "add_contenttype"
  }
},
{
  "model": "Inicio.authpermission",
  "pk": 18,
  "fields": {
    "name": "Can change content type",
    "content_type": 5,
    "codename": "change_contenttype"
  }
},
{
  "model": "Inicio.authpermission",
  "pk": 19,
  "fields": {
    "name": "Can delete content type",
    "content_type": 5,
    "codename": "delete_contenttype"
  }
},
{
  "model": "Inicio.authpermission",
  "pk": 20,
  "fields": {
    "name": "Can view content type",
    "content_type": 5,
    "codename": "view_contenttype"
  }
},
{
  "model": "Inicio.authpermission",
  "pk": 21,
  "fields": {
    "name": "Can add session",
    "content_type": 6,
    "codename": "add_session"
  }
},
{
  "model": "Inicio.authpermission",
  "pk": 22,
  "fields": {
    "name": "Can change session",
    "content_type": 6,
    "codename": "change_session"
  }
},
{
  "model": "Inicio.authpermission",
  "pk": 23,
  "fields": {
    "name": "Can delete session",
    "content_type": 6,
    "codename": "delete_session"
  }
},
{
  "model": "Inicio.authpermission",
  "pk": 24,
  "fields": {
    "name": "Can view session",
    "content_type": 6,
    "codename": "view_session"
  }
},
{
  "model": "Inicio.authpermission",
  "pk": 25,
  "fields": {
    "name": "Can add access_credential",
    "content_type": 7,
    "codename": "add_access_credential"
  }
},
{
  "model": "Inicio.authpermission",
  "pk": 26,
  "fields": {
    "name": "Can change access_credential",
    "content_type": 7,
    "codename": "change_access_credential"
  }
},
{
  "model": "Inicio.authpermission",
  "pk": 27,
  "fields": {
    "name": "Can delete access_credential",
    "content_type": 7,
    "codename": "delete_access_credential"
  }
},
{
  "model": "Inicio.authpermission",
  "pk": 28,
  "fields": {
    "name": "Can view access_credential",
    "content_type": 7,
    "codename": "view_access_credential"
  }
},
{
  "model": "Inicio.authpermission",
  "pk": 29,
  "fields": {
    "name": "Can add adopcion",
    "content_type": 8,
    "codename": "add_adopcion"
  }
},
{
  "model": "Inicio.authpermission",
  "pk": 30,
  "fields": {
    "name": "Can change adopcion",
    "content_type": 8,
    "codename": "change_adopcion"
  }
},
{
  "model": "Inicio.authpermission",
  "pk": 31,
  "fields": {
    "name": "Can delete adopcion",
    "content_type": 8,
    "codename": "delete_adopcion"
  }
},
{
  "model": "Inicio.authpermission",
  "pk": 32,
  "fields": {
    "name": "Can view adopcion",
    "content_type": 8,
    "codename": "view_adopcion"
  }
},
{
  "model": "Inicio.authpermission",
  "pk": 33,
  "fields": {
    "name": "Can add adoption_acepted",
    "content_type": 9,
    "codename": "add_adoption_acepted"
  }
},
{
  "model": "Inicio.authpermission",
  "pk": 34,
  "fields": {
    "name": "Can change adoption_acepted",
    "content_type": 9,
    "codename": "change_adoption_acepted"
  }
},
{
  "model": "Inicio.authpermission",
  "pk": 35,
  "fields": {
    "name": "Can delete adoption_acepted",
    "content_type": 9,
    "codename": "delete_adoption_acepted"
  }
},
{
  "model": "Inicio.authpermission",
  "pk": 36,
  "fields": {
    "name": "Can view adoption_acepted",
    "content_type": 9,
    "codename": "view_adoption_acepted"
  }
},
{
  "model": "Inicio.authpermission",
  "pk": 37,
  "fields": {
    "name": "Can add adoptions_in_process",
    "content_type": 10,
    "codename": "add_adoptions_in_process"
  }
},
{
  "model": "Inicio.authpermission",
  "pk": 38,
  "fields": {
    "name": "Can change adoptions_in_process",
    "content_type": 10,
    "codename": "change_adoptions_in_process"
  }
},
{
  "model": "Inicio.authpermission",
  "pk": 39,
  "fields": {
    "name": "Can delete adoptions_in_process",
    "content_type": 10,
    "codename": "delete_adoptions_in_process"
  }
},
{
  "model": "Inicio.authpermission",
  "pk": 40,
  "fields": {
    "name": "Can view adoptions_in_process",
    "content_type": 10,
    "codename": "view_adoptions_in_process"
  }
},
{
  "model": "Inicio.authpermission",
  "pk": 41,
  "fields": {
    "name": "Can add auth group",
    "content_type": 11,
    "codename": "add_authgroup"
  }
},
{
  "model": "Inicio.authpermission",
  "pk": 42,
  "fields": {
    "name": "Can change auth group",
    "content_type": 11,
    "codename": "change_authgroup"
  }
},
{
  "model": "Inicio.authpermission",
  "pk": 43,
  "fields": {
    "name": "Can delete auth group",
    "content_type": 11,
    "codename": "delete_authgroup"
  }
},
{
  "model": "Inicio.authpermission",
  "pk": 44,
  "fields": {
    "name": "Can view auth group",
    "content_type": 11,
    "codename": "view_authgroup"
  }
},
{
  "model": "Inicio.authpermission",
  "pk": 45,
  "fields": {
    "name": "Can add auth group permissions",
    "content_type": 12,
    "codename": "add_authgrouppermissions"
  }
},
{
  "model": "Inicio.authpermission",
  "pk": 46,
  "fields": {
    "name": "Can change auth group permissions",
    "content_type": 12,
    "codename": "change_authgrouppermissions"
  }
},
{
  "model": "Inicio.authpermission",
  "pk": 47,
  "fields": {
    "name": "Can delete auth group permissions",
    "content_type": 12,
    "codename": "delete_authgrouppermissions"
  }
},
{
  "model": "Inicio.authpermission",
  "pk": 48,
  "fields": {
    "name": "Can view auth group permissions",
    "content_type": 12,
    "codename": "view_authgrouppermissions"
  }
},
{
  "model": "Inicio.authpermission",
  "pk": 49,
  "fields": {
    "name": "Can add auth permission",
    "content_type": 13,
    "codename": "add_authpermission"
  }
},
{
  "model": "Inicio.authpermission",
  "pk": 50,
  "fields": {
    "name": "Can change auth permission",
    "content_type": 13,
    "codename": "change_authpermission"
  }
},
{
  "model": "Inicio.authpermission",
  "pk": 51,
  "fields": {
    "name": "Can delete auth permission",
    "content_type": 13,
    "codename": "delete_authpermission"
  }
},
{
  "model": "Inicio.authpermission",
  "pk": 52,
  "fields": {
    "name": "Can view auth permission",
    "content_type": 13,
    "codename": "view_authpermission"
  }
},
{
  "model": "Inicio.authpermission",
  "pk": 53,
  "fields": {
    "name": "Can add auth user",
    "content_type": 14,
    "codename": "add_authuser"
  }
},
{
  "model": "Inicio.authpermission",
  "pk": 54,
  "fields": {
    "name": "Can change auth user",
    "content_type": 14,
    "codename": "change_authuser"
  }
},
{
  "model": "Inicio.authpermission",
  "pk": 55,
  "fields": {
    "name": "Can delete auth user",
    "content_type": 14,
    "codename": "delete_authuser"
  }
},
{
  "model": "Inicio.authpermission",
  "pk": 56,
  "fields": {
    "name": "Can view auth user",
    "content_type": 14,
    "codename": "view_authuser"
  }
},
{
  "model": "Inicio.authpermission",
  "pk": 57,
  "fields": {
    "name": "Can add auth user groups",
    "content_type": 15,
    "codename": "add_authusergroups"
  }
},
{
  "model": "Inicio.authpermission",
  "pk": 58,
  "fields": {
    "name": "Can change auth user groups",
    "content_type": 15,
    "codename": "change_authusergroups"
  }
},
{
  "model": "Inicio.authpermission",
  "pk": 59,
  "fields": {
    "name": "Can delete auth user groups",
    "content_type": 15,
    "codename": "delete_authusergroups"
  }
},
{
  "model": "Inicio.authpermission",
  "pk": 60,
  "fields": {
    "name": "Can view auth user groups",
    "content_type": 15,
    "codename": "view_authusergroups"
  }
},
{
  "model": "Inicio.authpermission",
  "pk": 61,
  "fields": {
    "name": "Can add auth user user permissions",
    "content_type": 16,
    "codename": "add_authuseruserpermissions"
  }
},
{
  "model": "Inicio.authpermission",
  "pk": 62,
  "fields": {
    "name": "Can change auth user user permissions",
    "content_type": 16,
    "codename": "change_authuseruserpermissions"
  }
},
{
  "model": "Inicio.authpermission",
  "pk": 63,
  "fields": {
    "name": "Can delete auth user user permissions",
    "content_type": 16,
    "codename": "delete_authuseruserpermissions"
  }
},
{
  "model": "Inicio.authpermission",
  "pk": 64,
  "fields": {
    "name": "Can view auth user user permissions",
    "content_type": 16,
    "codename": "view_authuseruserpermissions"
  }
},
{
  "model": "Inicio.authpermission",
  "pk": 65,
  "fields": {
    "name": "Can add cliente",
    "content_type": 17,
    "codename": "add_cliente"
  }
},
{
  "model": "Inicio.authpermission",
  "pk": 66,
  "fields": {
    "name": "Can change cliente",
    "content_type": 17,
    "codename": "change_cliente"
  }
},
{
  "model": "Inicio.authpermission",
  "pk": 67,
  "fields": {
    "name": "Can delete cliente",
    "content_type": 17,
    "codename": "delete_cliente"
  }
},
{
  "model": "Inicio.authpermission",
  "pk": 68,
  "fields": {
    "name": "Can view cliente",
    "content_type": 17,
    "codename": "view_cliente"
  }
},
{
  "model": "Inicio.authpermission",
  "pk": 69,
  "fields": {
    "name": "Can add cliente_contact",
    "content_type": 18,
    "codename": "add_cliente_contact"
  }
},
{
  "model": "Inicio.authpermission",
  "pk": 70,
  "fields": {
    "name": "Can change cliente_contact",
    "content_type": 18,
    "codename": "change_cliente_contact"
  }
},
{
  "model": "Inicio.authpermission",
  "pk": 71,
  "fields": {
    "name": "Can delete cliente_contact",
    "content_type": 18,
    "codename": "delete_cliente_contact"
  }
},
{
  "model": "Inicio.authpermission",
  "pk": 72,
  "fields": {
    "name": "Can view cliente_contact",
    "content_type": 18,
    "codename": "view_cliente_contact"
  }
},
{
  "model": "Inicio.authpermission",
  "pk": 73,
  "fields": {
    "name": "Can add cuidado",
    "content_type": 19,
    "codename": "add_cuidado"
  }
},
{
  "model": "Inicio.authpermission",
  "pk": 74,
  "fields": {
    "name": "Can change cuidado",
    "content_type": 19,
    "codename": "change_cuidado"
  }
},
{
  "model": "Inicio.authpermission",
  "pk": 75,
  "fields": {
    "name": "Can delete cuidado",
    "content_type": 19,
    "codename": "delete_cuidado"
  }
},
{
  "model": "Inicio.authpermission",
  "pk": 76,
  "fields": {
    "name": "Can view cuidado",
    "content_type": 19,
    "codename": "view_cuidado"
  }
},
{
  "model": "Inicio.authpermission",
  "pk": 77,
  "fields": {
    "name": "Can add django admin log",
    "content_type": 20,
    "codename": "add_djangoadminlog"
  }
},
{
  "model": "Inicio.authpermission",
  "pk": 78,
  "fields": {
    "name": "Can change django admin log",
    "content_type": 20,
    "codename": "change_djangoadminlog"
  }
},
{
  "model": "Inicio.authpermission",
  "pk": 79,
  "fields": {
    "name": "Can delete django admin log",
    "content_type": 20,
    "codename": "delete_djangoadminlog"
  }
},
{
  "model": "Inicio.authpermission",
  "pk": 80,
  "fields": {
    "name": "Can view django admin log",
    "content_type": 20,
    "codename": "view_djangoadminlog"
  }
},
{
  "model": "Inicio.authpermission",
  "pk": 81,
  "fields": {
    "name": "Can add django content type",
    "content_type": 21,
    "codename": "add_djangocontenttype"
  }
},
{
  "model": "Inicio.authpermission",
  "pk": 82,
  "fields": {
    "name": "Can change django content type",
    "content_type": 21,
    "codename": "change_djangocontenttype"
  }
},
{
  "model": "Inicio.authpermission",
  "pk": 83,
  "fields": {
    "name": "Can delete django content type",
    "content_type": 21,
    "codename": "delete_djangocontenttype"
  }
},
{
  "model": "Inicio.authpermission",
  "pk": 84,
  "fields": {
    "name": "Can view django content type",
    "content_type": 21,
    "codename": "view_djangocontenttype"
  }
},
{
  "model": "Inicio.authpermission",
  "pk": 85,
  "fields": {
    "name": "Can add django migrations",
    "content_type": 22,
    "codename": "add_djangomigrations"
  }
},
{
  "model": "Inicio.authpermission",
  "pk": 86,
  "fields": {
    "name": "Can change django migrations",
    "content_type": 22,
    "codename": "change_djangomigrations"
  }
},
{
  "model": "Inicio.authpermission",
  "pk": 87,
  "fields": {
    "name": "Can delete django migrations",
    "content_type": 22,
    "codename": "delete_djangomigrations"
  }
},
{
  "model": "Inicio.authpermission",
  "pk": 88,
  "fields": {
    "name": "Can view django migrations",
    "content_type": 22,
    "codename": "view_djangomigrations"
  }
},
{
  "model": "Inicio.authpermission",
  "pk": 89,
  "fields": {
    "name": "Can add django session",
    "content_type": 23,
    "codename": "add_djangosession"
  }
},
{
  "model": "Inicio.authpermission",
  "pk": 90,
  "fields": {
    "name": "Can change django session",
    "content_type": 23,
    "codename": "change_djangosession"
  }
},
{
  "model": "Inicio.authpermission",
  "pk": 91,
  "fields": {
    "name": "Can delete django session",
    "content_type": 23,
    "codename": "delete_djangosession"
  }
},
{
  "model": "Inicio.authpermission",
  "pk": 92,
  "fields": {
    "name": "Can view django session",
    "content_type": 23,
    "codename": "view_djangosession"
  }
},
{
  "model": "Inicio.authpermission",
  "pk": 93,
  "fields": {
    "name": "Can add empleado",
    "content_type": 24,
    "codename": "add_empleado"
  }
},
{
  "model": "Inicio.authpermission",
  "pk": 94,
  "fields": {
    "name": "Can change empleado",
    "content_type": 24,
    "codename": "change_empleado"
  }
},
{
  "model": "Inicio.authpermission",
  "pk": 95,
  "fields": {
    "name": "Can delete empleado",
    "content_type": 24,
    "codename": "delete_empleado"
  }
},
{
  "model": "Inicio.authpermission",
  "pk": 96,
  "fields": {
    "name": "Can view empleado",
    "content_type": 24,
    "codename": "view_empleado"
  }
},
{
  "model": "Inicio.authpermission",
  "pk": 97,
  "fields": {
    "name": "Can add especie",
    "content_type": 25,
    "codename": "add_especie"
  }
},
{
  "model": "Inicio.authpermission",
  "pk": 98,
  "fields": {
    "name": "Can change especie",
    "content_type": 25,
    "codename": "change_especie"
  }
},
{
  "model": "Inicio.authpermission",
  "pk": 99,
  "fields": {
    "name": "Can delete especie",
    "content_type": 25,
    "codename": "delete_especie"
  }
},
{
  "model": "Inicio.authpermission",
  "pk": 100,
  "fields": {
    "name": "Can view especie",
    "content_type": 25,
    "codename": "view_especie"
  }
},
{
  "model": "Inicio.authpermission",
  "pk": 101,
  "fields": {
    "name": "Can add mascota",
    "content_type": 26,
    "codename": "add_mascota"
  }
},
{
  "model": "Inicio.authpermission",
  "pk": 102,
  "fields": {
    "name": "Can change mascota",
    "content_type": 26,
    "codename": "change_mascota"
  }
},
{
  "model": "Inicio.authpermission",
  "pk": 103,
  "fields": {
    "name": "Can delete mascota",
    "content_type": 26,
    "codename": "delete_mascota"
  }
},
{
  "model": "Inicio.authpermission",
  "pk": 104,
  "fields": {
    "name": "Can view mascota",
    "content_type": 26,
    "codename": "view_mascota"
  }
},
{
  "model": "Inicio.authpermission",
  "pk": 105,
  "fields": {
    "name": "Can add perfiles",
    "content_type": 27,
    "codename": "add_perfiles"
  }
},
{
  "model": "Inicio.authpermission",
  "pk": 106,
  "fields": {
    "name": "Can change perfiles",
    "content_type": 27,
    "codename": "change_perfiles"
  }
},
{
  "model": "Inicio.authpermission",
  "pk": 107,
  "fields": {
    "name": "Can delete perfiles",
    "content_type": 27,
    "codename": "delete_perfiles"
  }
},
{
  "model": "Inicio.authpermission",
  "pk": 108,
  "fields": {
    "name": "Can view perfiles",
    "content_type": 27,
    "codename": "view_perfiles"
  }
},
{
  "model": "Inicio.authpermission",
  "pk": 109,
  "fields": {
    "name": "Can add raza",
    "content_type": 28,
    "codename": "add_raza"
  }
},
{
  "model": "Inicio.authpermission",
  "pk": 110,
  "fields": {
    "name": "Can change raza",
    "content_type": 28,
    "codename": "change_raza"
  }
},
{
  "model": "Inicio.authpermission",
  "pk": 111,
  "fields": {
    "name": "Can delete raza",
    "content_type": 28,
    "codename": "delete_raza"
  }
},
{
  "model": "Inicio.authpermission",
  "pk": 112,
  "fields": {
    "name": "Can view raza",
    "content_type": 28,
    "codename": "view_raza"
  }
},
{
  "model": "Inicio.authpermission",
  "pk": 113,
  "fields": {
    "name": "Can add real_name",
    "content_type": 29,
    "codename": "add_real_name"
  }
},
{
  "model": "Inicio.authpermission",
  "pk": 114,
  "fields": {
    "name": "Can change real_name",
    "content_type": 29,
    "codename": "change_real_name"
  }
},
{
  "model": "Inicio.authpermission",
  "pk": 115,
  "fields": {
    "name": "Can delete real_name",
    "content_type": 29,
    "codename": "delete_real_name"
  }
},
{
  "model": "Inicio.authpermission",
  "pk": 116,
  "fields": {
    "name": "Can view real_name",
    "content_type": 29,
    "codename": "view_real_name"
  }
},
{
  "model": "Inicio.authuser",
  "pk": 1,
  "fields": {
    "password": "pbkdf2_sha256$600000$Oj3k8mwzO24FIioCSR1J5b$Aelw5m3HQX4fbD16Jd8PNkx89/sqx978x9VyEwye2jA=",
    "last_login": "2023-12-02T01:23:04.152Z",
    "is_superuser": 1,
    "username": "eldonas",
    "first_name": "",
    "last_name": "",
    "email": "eldonas1@protonmail.com",
    "is_staff": 1,
    "is_active": 1,
    "date_joined": "2023-12-02T01:22:18.467Z"
  }
},
{
  "model": "Inicio.cliente",
  "pk": 1,
  "fields": {
    "nombre_cliente": "Juan",
    "apellido_materno": "Perez",
    "apellido_paterno": "Prado",
    "telefono": "2138527141",
    "direccion": "Enrique Segoviano #12",
    "correo_electronico": "correolegitimo@soylegitimo.com",
    "edad": 25,
    "sexo": "M",
    "foto": null,
    "perfil": 4,
    "nombre_usuario": "Juancho",
    "contrasena": "1234",
    "status": 1,
    "created_at": null,
    "updated_at": null,
    "deleted_at": null
  }
},
{
  "model": "Inicio.cliente",
  "pk": 2,
  "fields": {
    "nombre_cliente": "Lucas",
    "apellido_materno": "pradera",
    "apellido_paterno": "Anastacio",
    "telefono": "2138527141",
    "direccion": "Enrique Segoviano #12",
    "correo_electronico": "correolegitimo@soylegitimo.com",
    "edad": 36,
    "sexo": "F",
    "foto": null,
    "perfil": 4,
    "nombre_usuario": "Lucario",
    "contrasena": "1234",
    "status": 1,
    "created_at": null,
    "updated_at": null,
    "deleted_at": null
  }
},
{
  "model": "Inicio.cliente",
  "pk": 3,
  "fields": {
    "nombre_cliente": "Alberto",
    "apellido_materno": "Aguilar",
    "apellido_paterno": "Martinez",
    "telefono": "2138527141",
    "direccion": "Enrique Segoviano #12",
    "correo_electronico": "correolegitimo@soylegitimo.com",
    "edad": 18,
    "sexo": "M",
    "foto": null,
    "perfil": 4,
    "nombre_usuario": "Beto",
    "contrasena": "1234",
    "status": 1,
    "created_at": null,
    "updated_at": null,
    "deleted_at": null
  }
},
{
  "model": "Inicio.cliente",
  "pk": 4,
  "fields": {
    "nombre_cliente": "Jose",
    "apellido_materno": "Cien Fuegos",
    "apellido_paterno": "Hernandez",
    "telefono": "2138527141",
    "direccion": "Enrique Segoviano #12",
    "correo_electronico": "correolegitimo@soylegitimo.com",
    "edad": 64,
    "sexo": "M",
    "foto": null,
    "perfil": 4,
    "nombre_usuario": "pepe",
    "contrasena": "1234",
    "status": 1,
    "created_at": null,
    "updated_at": null,
    "deleted_at": null
  }
},
{
  "model": "Inicio.cliente",
  "pk": 5,
  "fields": {
    "nombre_cliente": "Mauricio",
    "apellido_materno": "Arcos",
    "apellido_paterno": "Cruz",
    "telefono": "2138527141",
    "direccion": "Enrique Segoviano #12",
    "correo_electronico": "correolegitimo@soylegitimo.com",
    "edad": 32,
    "sexo": "M",
    "foto": null,
    "perfil": 4,
    "nombre_usuario": "Mau",
    "contrasena": "1234",
    "status": 1,
    "created_at": null,
    "updated_at": null,
    "deleted_at": null
  }
},
{
  "model": "Inicio.cliente",
  "pk": 6,
  "fields": {
    "nombre_cliente": "Guadalupe",
    "apellido_materno": "Roque",
    "apellido_paterno": "Roman",
    "telefono": "2138527141",
    "direccion": "Enrique Segoviano #12",
    "correo_electronico": "correolegitimo@soylegitimo.com",
    "edad": 41,
    "sexo": "F",
    "foto": null,
    "perfil": 4,
    "nombre_usuario": "Lupita",
    "contrasena": "1234",
    "status": 1,
    "created_at": null,
    "updated_at": null,
    "deleted_at": null
  }
},
{
  "model": "Inicio.cliente",
  "pk": 7,
  "fields": {
    "nombre_cliente": "Panfilo",
    "apellido_materno": "Casimiro",
    "apellido_paterno": "Roma",
    "telefono": "2138527141",
    "direccion": "Enrique Segoviano #12",
    "correo_electronico": "correolegitimo@soylegitimo.com",
    "edad": 31,
    "sexo": "M",
    "foto": null,
    "perfil": 4,
    "nombre_usuario": "Pepe2",
    "contrasena": "1234",
    "status": 1,
    "created_at": null,
    "updated_at": null,
    "deleted_at": null
  }
},
{
  "model": "Inicio.cliente",
  "pk": 8,
  "fields": {
    "nombre_cliente": "Jose Jose",
    "apellido_materno": "Buenavista",
    "apellido_paterno": "Arcos",
    "telefono": "2138527141",
    "direccion": "Enrique Segoviano #12",
    "correo_electronico": "correolegitimo@soylegitimo.com",
    "edad": 90,
    "sexo": "M",
    "foto": null,
    "perfil": 4,
    "nombre_usuario": "pepealcuadrado",
    "contrasena": "1234",
    "status": 1,
    "created_at": null,
    "updated_at": null,
    "deleted_at": null
  }
},
{
  "model": "Inicio.cliente",
  "pk": 9,
  "fields": {
    "nombre_cliente": "Gabriel",
    "apellido_materno": "Alatriste",
    "apellido_paterno": "Audirac",
    "telefono": "2138527141",
    "direccion": "Enrique Segoviano #12",
    "correo_electronico": "correolegitimo@soylegitimo.com",
    "edad": 25,
    "sexo": "F",
    "foto": null,
    "perfil": 4,
    "nombre_usuario": "Gabi",
    "contrasena": "1234",
    "status": 1,
    "created_at": null,
    "updated_at": null,
    "deleted_at": null
  }
},
{
  "model": "Inicio.cliente",
  "pk": 10,
  "fields": {
    "nombre_cliente": "Pedro",
    "apellido_materno": "Agustin",
    "apellido_paterno": "Melgarejo",
    "telefono": "2311233456",
    "direccion": "Enrique segoviano",
    "correo_electronico": "dante@sanguinius.com",
    "edad": 35,
    "sexo": "H",
    "foto": null,
    "perfil": 1,
    "nombre_usuario": "bestMarine",
    "contrasena": "IWANTDIEPLEASE",
    "status": null,
    "created_at": null,
    "updated_at": null,
    "deleted_at": null
  }
},
{
  "model": "Inicio.cliente",
  "pk": 12,
  "fields": {
    "nombre_cliente": "Luis",
    "apellido_materno": "Dante",
    "apellido_paterno": "Dante",
    "telefono": "1234567890",
    "direccion": "imperium nigilus",
    "correo_electronico": "dante@sanguinius.com",
    "edad": 1500,
    "sexo": "H",
    "foto": null,
    "perfil": 4,
    "nombre_usuario": "DantePrimaris",
    "contrasena": "pleaseletmedie",
    "status": null,
    "created_at": null,
    "updated_at": null,
    "deleted_at": null
  }
},
{
  "model": "Inicio.cuidado",
  "pk": 1,
  "fields": {
    "dieta": "Croquetas y tortilla",
    "raza": 1,
    "cuidados": "Muchos besos y apapachos",
    "created_at": null,
    "updated_at": null,
    "deleted_at": null
  }
},
{
  "model": "Inicio.cuidado",
  "pk": 2,
  "fields": {
    "dieta": "Croquetas y tortilla",
    "raza": 2,
    "cuidados": "Muchos besos y apapachos",
    "created_at": null,
    "updated_at": null,
    "deleted_at": null
  }
},
{
  "model": "Inicio.cuidado",
  "pk": 3,
  "fields": {
    "dieta": "Croquetas y tortilla",
    "raza": 3,
    "cuidados": "Muchos besos y apapachos",
    "created_at": null,
    "updated_at": null,
    "deleted_at": null
  }
},
{
  "model": "Inicio.cuidado",
  "pk": 4,
  "fields": {
    "dieta": "Croquetas y tortilla",
    "raza": 4,
    "cuidados": "Muchos besos y apapachos",
    "created_at": null,
    "updated_at": null,
    "deleted_at": null
  }
},
{
  "model": "Inicio.cuidado",
  "pk": 5,
  "fields": {
    "dieta": "Croquetas y ratones",
    "raza": 5,
    "cuidados": "Muchos besos y apapachos",
    "created_at": null,
    "updated_at": null,
    "deleted_at": null
  }
},
{
  "model": "Inicio.cuidado",
  "pk": 6,
  "fields": {
    "dieta": "Croquetas y ratones",
    "raza": 6,
    "cuidados": "Muchos besos y apapachos",
    "created_at": null,
    "updated_at": null,
    "deleted_at": null
  }
},
{
  "model": "Inicio.cuidado",
  "pk": 7,
  "fields": {
    "dieta": "Croquetas y ratones",
    "raza": 7,
    "cuidados": "Muchos besos y apapachos",
    "created_at": null,
    "updated_at": null,
    "deleted_at": null
  }
},
{
  "model": "Inicio.cuidado",
  "pk": 8,
  "fields": {
    "dieta": "Otros lenguajes de programacion",
    "raza": 8,
    "cuidados": "Un entorno virtual para cada proyecto",
    "created_at": null,
    "updated_at": null,
    "deleted_at": null
  }
},
{
  "model": "Inicio.cuidado",
  "pk": 9,
  "fields": {
    "dieta": "Ratones",
    "raza": 9,
    "cuidados": "Muchos besos y apapachos",
    "created_at": null,
    "updated_at": null,
    "deleted_at": null
  }
},
{
  "model": "Inicio.cuidado",
  "pk": 10,
  "fields": {
    "dieta": "Fruta y semillas",
    "raza": 10,
    "cuidados": "Muchos besos y apapachos",
    "created_at": null,
    "updated_at": null,
    "deleted_at": null
  }
},
{
  "model": "Inicio.cuidado",
  "pk": 11,
  "fields": {
    "dieta": "Fruta y semillas",
    "raza": 11,
    "cuidados": "Muchos besos y apapachos",
    "created_at": null,
    "updated_at": null,
    "deleted_at": null
  }
},
{
  "model": "Inicio.cuidado",
  "pk": 12,
  "fields": {
    "dieta": "Alimento para peces",
    "raza": 12,
    "cuidados": "Muchos besos y apapachos",
    "created_at": null,
    "updated_at": null,
    "deleted_at": null
  }
},
{
  "model": "Inicio.cuidado",
  "pk": 13,
  "fields": {
    "dieta": "Alimento para peces",
    "raza": 13,
    "cuidados": "Muchos besos y apapachos",
    "created_at": null,
    "updated_at": null,
    "deleted_at": null
  }
},
{
  "model": "Inicio.cuidado",
  "pk": 14,
  "fields": {
    "dieta": "pan de nuez",
    "raza": 3,
    "cuidados": "Muchos mimos y abrazos",
    "created_at": null,
    "updated_at": null,
    "deleted_at": null
  }
},
{
  "model": "Inicio.djangocontenttype",
  "pk": 1,
  "fields": {
    "app_label": "admin",
    "model": "logentry"
  }
},
{
  "model": "Inicio.djangocontenttype",
  "pk": 2,
  "fields": {
    "app_label": "auth",
    "model": "permission"
  }
},
{
  "model": "Inicio.djangocontenttype",
  "pk": 3,
  "fields": {
    "app_label": "auth",
    "model": "group"
  }
},
{
  "model": "Inicio.djangocontenttype",
  "pk": 4,
  "fields": {
    "app_label": "auth",
    "model": "user"
  }
},
{
  "model": "Inicio.djangocontenttype",
  "pk": 5,
  "fields": {
    "app_label": "contenttypes",
    "model": "contenttype"
  }
},
{
  "model": "Inicio.djangocontenttype",
  "pk": 6,
  "fields": {
    "app_label": "sessions",
    "model": "session"
  }
},
{
  "model": "Inicio.djangocontenttype",
  "pk": 7,
  "fields": {
    "app_label": "Inicio",
    "model": "access_credential"
  }
},
{
  "model": "Inicio.djangocontenttype",
  "pk": 8,
  "fields": {
    "app_label": "Inicio",
    "model": "adopcion"
  }
},
{
  "model": "Inicio.djangocontenttype",
  "pk": 9,
  "fields": {
    "app_label": "Inicio",
    "model": "adoption_acepted"
  }
},
{
  "model": "Inicio.djangocontenttype",
  "pk": 10,
  "fields": {
    "app_label": "Inicio",
    "model": "adoptions_in_process"
  }
},
{
  "model": "Inicio.djangocontenttype",
  "pk": 11,
  "fields": {
    "app_label": "Inicio",
    "model": "authgroup"
  }
},
{
  "model": "Inicio.djangocontenttype",
  "pk": 12,
  "fields": {
    "app_label": "Inicio",
    "model": "authgrouppermissions"
  }
},
{
  "model": "Inicio.djangocontenttype",
  "pk": 13,
  "fields": {
    "app_label": "Inicio",
    "model": "authpermission"
  }
},
{
  "model": "Inicio.djangocontenttype",
  "pk": 14,
  "fields": {
    "app_label": "Inicio",
    "model": "authuser"
  }
},
{
  "model": "Inicio.djangocontenttype",
  "pk": 15,
  "fields": {
    "app_label": "Inicio",
    "model": "authusergroups"
  }
},
{
  "model": "Inicio.djangocontenttype",
  "pk": 16,
  "fields": {
    "app_label": "Inicio",
    "model": "authuseruserpermissions"
  }
},
{
  "model": "Inicio.djangocontenttype",
  "pk": 17,
  "fields": {
    "app_label": "Inicio",
    "model": "cliente"
  }
},
{
  "model": "Inicio.djangocontenttype",
  "pk": 18,
  "fields": {
    "app_label": "Inicio",
    "model": "cliente_contact"
  }
},
{
  "model": "Inicio.djangocontenttype",
  "pk": 19,
  "fields": {
    "app_label": "Inicio",
    "model": "cuidado"
  }
},
{
  "model": "Inicio.djangocontenttype",
  "pk": 20,
  "fields": {
    "app_label": "Inicio",
    "model": "djangoadminlog"
  }
},
{
  "model": "Inicio.djangocontenttype",
  "pk": 21,
  "fields": {
    "app_label": "Inicio",
    "model": "djangocontenttype"
  }
},
{
  "model": "Inicio.djangocontenttype",
  "pk": 22,
  "fields": {
    "app_label": "Inicio",
    "model": "djangomigrations"
  }
},
{
  "model": "Inicio.djangocontenttype",
  "pk": 23,
  "fields": {
    "app_label": "Inicio",
    "model": "djangosession"
  }
},
{
  "model": "Inicio.djangocontenttype",
  "pk": 24,
  "fields": {
    "app_label": "Inicio",
    "model": "empleado"
  }
},
{
  "model": "Inicio.djangocontenttype",
  "pk": 25,
  "fields": {
    "app_label": "Inicio",
    "model": "especie"
  }
},
{
  "model": "Inicio.djangocontenttype",
  "pk": 26,
  "fields": {
    "app_label": "Inicio",
    "model": "mascota"
  }
},
{
  "model": "Inicio.djangocontenttype",
  "pk": 27,
  "fields": {
    "app_label": "Inicio",
    "model": "perfiles"
  }
},
{
  "model": "Inicio.djangocontenttype",
  "pk": 28,
  "fields": {
    "app_label": "Inicio",
    "model": "raza"
  }
},
{
  "model": "Inicio.djangocontenttype",
  "pk": 29,
  "fields": {
    "app_label": "Inicio",
    "model": "real_name"
  }
},
{
  "model": "Inicio.djangomigrations",
  "pk": 1,
  "fields": {
    "app": "contenttypes",
    "name": "0001_initial",
    "applied": "2023-12-02T00:37:27.387Z"
  }
},
{
  "model": "Inicio.djangomigrations",
  "pk": 2,
  "fields": {
    "app": "auth",
    "name": "0001_initial",
    "applied": "2023-12-02T00:37:40.260Z"
  }
},
{
  "model": "Inicio.djangomigrations",
  "pk": 3,
  "fields": {
    "app": "admin",
    "name": "0001_initial",
    "applied": "2023-12-02T00:37:42.515Z"
  }
},
{
  "model": "Inicio.djangomigrations",
  "pk": 4,
  "fields": {
    "app": "admin",
    "name": "0002_logentry_remove_auto_add",
    "applied": "2023-12-02T00:37:42.592Z"
  }
},
{
  "model": "Inicio.djangomigrations",
  "pk": 5,
  "fields": {
    "app": "admin",
    "name": "0003_logentry_add_action_flag_choices",
    "applied": "2023-12-02T00:37:42.662Z"
  }
},
{
  "model": "Inicio.djangomigrations",
  "pk": 6,
  "fields": {
    "app": "contenttypes",
    "name": "0002_remove_content_type_name",
    "applied": "2023-12-02T00:37:44.868Z"
  }
},
{
  "model": "Inicio.djangomigrations",
  "pk": 7,
  "fields": {
    "app": "auth",
    "name": "0002_alter_permission_name_max_length",
    "applied": "2023-12-02T00:37:46.125Z"
  }
},
{
  "model": "Inicio.djangomigrations",
  "pk": 8,
  "fields": {
    "app": "auth",
    "name": "0003_alter_user_email_max_length",
    "applied": "2023-12-02T00:37:46.749Z"
  }
},
{
  "model": "Inicio.djangomigrations",
  "pk": 9,
  "fields": {
    "app": "auth",
    "name": "0004_alter_user_username_opts",
    "applied": "2023-12-02T00:37:46.884Z"
  }
},
{
  "model": "Inicio.djangomigrations",
  "pk": 10,
  "fields": {
    "app": "auth",
    "name": "0005_alter_user_last_login_null",
    "applied": "2023-12-02T00:37:47.533Z"
  }
},
{
  "model": "Inicio.djangomigrations",
  "pk": 11,
  "fields": {
    "app": "auth",
    "name": "0006_require_contenttypes_0002",
    "applied": "2023-12-02T00:37:47.571Z"
  }
},
{
  "model": "Inicio.djangomigrations",
  "pk": 12,
  "fields": {
    "app": "auth",
    "name": "0007_alter_validators_add_error_messages",
    "applied": "2023-12-02T00:37:47.659Z"
  }
},
{
  "model": "Inicio.djangomigrations",
  "pk": 13,
  "fields": {
    "app": "auth",
    "name": "0008_alter_user_username_max_length",
    "applied": "2023-12-02T00:37:47.876Z"
  }
},
{
  "model": "Inicio.djangomigrations",
  "pk": 14,
  "fields": {
    "app": "auth",
    "name": "0009_alter_user_last_name_max_length",
    "applied": "2023-12-02T00:37:49.014Z"
  }
},
{
  "model": "Inicio.djangomigrations",
  "pk": 15,
  "fields": {
    "app": "auth",
    "name": "0010_alter_group_name_max_length",
    "applied": "2023-12-02T00:37:49.187Z"
  }
},
{
  "model": "Inicio.djangomigrations",
  "pk": 16,
  "fields": {
    "app": "auth",
    "name": "0011_update_proxy_permissions",
    "applied": "2023-12-02T00:37:49.257Z"
  }
},
{
  "model": "Inicio.djangomigrations",
  "pk": 17,
  "fields": {
    "app": "auth",
    "name": "0012_alter_user_first_name_max_length",
    "applied": "2023-12-02T00:37:49.378Z"
  }
},
{
  "model": "Inicio.djangomigrations",
  "pk": 18,
  "fields": {
    "app": "sessions",
    "name": "0001_initial",
    "applied": "2023-12-02T00:37:49.866Z"
  }
},
{
  "model": "Inicio.djangomigrations",
  "pk": 19,
  "fields": {
    "app": "Inicio",
    "name": "0001_initial",
    "applied": "2023-12-07T05:13:35.517Z"
  }
},
{
  "model": "Inicio.djangosession",
  "pk": "wpjvukv25boqs9312nrxmbhz5epqvolm",
  "fields": {
    "session_data": ".eJxVjEsOwiAUAO_C2pDyB5fuewbyHg-kamhS2pXx7oakC93OTObNIhx7jUfPW1yIXZlgl1-GkJ65DUEPaPeVp7Xt24J8JPy0nc8r5dftbP8GFXodW3CTDeQgOFN8Dsphlhk0oPDaOEx-IqO9K0piIJvQi2S1CmilKqgN-3wB39E3uQ:1r9Eim:6XLwGqTJ6qfBGZa4lSnE65V-VgE1h0plIFt2iAOickE",
    "expire_date": "2023-12-16T01:23:04.192Z"
  }
},
{
  "model": "Inicio.empleado",
  "pk": 1,
  "fields": {
    "nombre_empleado": "Jeronimo",
    "apellido_materno": "Aguilar",
    "apellido_paterno": "Gutierrez",
    "telefono": "1234567890",
    "direccion": "Enrique Segoviano #12",
    "correo_electronico": "correolegitimo@soylegitimo.com",
    "rfc": "ABC4567890",
    "cuenta_bancaria": "123456789012345678",
    "edad": 35,
    "sexo": "M",
    "foto": null,
    "perfil": 1,
    "nombre_usuario": "JerAgu123",
    "contrasena": "secreto123",
    "status": 1,
    "created_at": null,
    "updated_at": null,
    "deleted_at": null
  }
},
{
  "model": "Inicio.empleado",
  "pk": 2,
  "fields": {
    "nombre_empleado": "Juan Gabriel",
    "apellido_materno": "Sanchez",
    "apellido_paterno": "Cordero",
    "telefono": "1234567890",
    "direccion": "Enrique Segoviano #12",
    "correo_electronico": "correolegitimo@soylegitimo.com",
    "rfc": "DEF4567890",
    "cuenta_bancaria": "123456789012345678",
    "edad": 35,
    "sexo": "M",
    "foto": null,
    "perfil": 1,
    "nombre_usuario": "Aguacatito",
    "contrasena": "secreto2",
    "status": 1,
    "created_at": null,
    "updated_at": null,
    "deleted_at": null
  }
},
{
  "model": "Inicio.empleado",
  "pk": 3,
  "fields": {
    "nombre_empleado": "Cuahutemoc",
    "apellido_materno": "Blanco",
    "apellido_paterno": "Arcos",
    "telefono": "1234567890",
    "direccion": "Enrique Segoviano #12",
    "correo_electronico": "correolegitimo@soylegitimo.com",
    "rfc": "POL4567890",
    "cuenta_bancaria": "123456789012345678",
    "edad": 35,
    "sexo": "F",
    "foto": null,
    "perfil": 1,
    "nombre_usuario": "Americanista",
    "contrasena": "secreto3",
    "status": 1,
    "created_at": null,
    "updated_at": null,
    "deleted_at": null
  }
},
{
  "model": "Inicio.empleado",
  "pk": 4,
  "fields": {
    "nombre_empleado": "Alberto",
    "apellido_materno": "Aguilar",
    "apellido_paterno": "Gutierrez",
    "telefono": "1234567890",
    "direccion": "Enrique Segoviano #12",
    "correo_electronico": "correolegitimo@soylegitimo.com",
    "rfc": "LOK4567890",
    "cuenta_bancaria": "123456789012345678",
    "edad": 35,
    "sexo": "M",
    "foto": null,
    "perfil": 2,
    "nombre_usuario": "ElYucateco",
    "contrasena": "admin1234",
    "status": 1,
    "created_at": null,
    "updated_at": null,
    "deleted_at": null
  }
},
{
  "model": "Inicio.empleado",
  "pk": 5,
  "fields": {
    "nombre_empleado": "Luisa",
    "apellido_materno": "Flores",
    "apellido_paterno": "Torres",
    "telefono": "1234567890",
    "direccion": "Enrique Segoviano #12",
    "correo_electronico": "correolegitimo@soylegitimo.com",
    "rfc": "ERT4567890",
    "cuenta_bancaria": "123456789012345678",
    "edad": 35,
    "sexo": "F",
    "foto": null,
    "perfil": 3,
    "nombre_usuario": "AdminDB",
    "contrasena": "adminDB1234",
    "status": 1,
    "created_at": null,
    "updated_at": null,
    "deleted_at": null
  }
},
{
  "model": "Inicio.empleado",
  "pk": 6,
  "fields": {
    "nombre_empleado": "Robute",
    "apellido_materno": "Guilliman",
    "apellido_paterno": "Victorious",
    "telefono": "9283746510",
    "direccion": "terra, imperium sanctum, segmentus pacificus",
    "correo_electronico": "ultramar@ultramar.com",
    "rfc": "1q2w3e4r5t",
    "cuenta_bancaria": "1234567890",
    "edad": 76,
    "sexo": "H",
    "foto": null,
    "perfil": 3,
    "nombre_usuario": "RobertoGuillermo",
    "contrasena": "iloveyvraineandeldar",
    "status": 1,
    "created_at": null,
    "updated_at": null,
    "deleted_at": null
  }
},
{
  "model": "Inicio.especie",
  "pk": 1,
  "fields": {
    "nombre_especie": "Perro"
  }
},
{
  "model": "Inicio.especie",
  "pk": 2,
  "fields": {
    "nombre_especie": "Gato"
  }
},
{
  "model": "Inicio.especie",
  "pk": 3,
  "fields": {
    "nombre_especie": "Serpiente"
  }
},
{
  "model": "Inicio.especie",
  "pk": 4,
  "fields": {
    "nombre_especie": "Pajaro"
  }
},
{
  "model": "Inicio.especie",
  "pk": 5,
  "fields": {
    "nombre_especie": "Pez"
  }
},
{
  "model": "Inicio.especie",
  "pk": 6,
  "fields": {
    "nombre_especie": "insectos"
  }
},
{
  "model": "Inicio.mascota",
  "pk": 1,
  "fields": {
    "nombre": "Max",
    "peso": 12.0,
    "edad": 3,
    "sexo": "M",
    "descripcion": "Perro pastor aleman Bonito",
    "raza": 1,
    "imagen": null,
    "created_at": null,
    "updated_at": null,
    "deleted_at": null
  }
},
{
  "model": "Inicio.mascota",
  "pk": 2,
  "fields": {
    "nombre": "Milaneso",
    "peso": 12.0,
    "edad": 3,
    "sexo": "H",
    "descripcion": "Perro pastor aleman Bonito",
    "raza": 1,
    "imagen": null,
    "created_at": null,
    "updated_at": null,
    "deleted_at": null
  }
},
{
  "model": "Inicio.mascota",
  "pk": 3,
  "fields": {
    "nombre": "Milaneso2",
    "peso": 12.0,
    "edad": 3,
    "sexo": "M",
    "descripcion": "Perro pastor Belga Bonito",
    "raza": 2,
    "imagen": null,
    "created_at": null,
    "updated_at": null,
    "deleted_at": null
  }
},
{
  "model": "Inicio.mascota",
  "pk": 4,
  "fields": {
    "nombre": "Milaneso3",
    "peso": 12.0,
    "edad": 3,
    "sexo": "H",
    "descripcion": "Perro pastor Belga Bonito",
    "raza": 2,
    "imagen": null,
    "created_at": null,
    "updated_at": null,
    "deleted_at": null
  }
},
{
  "model": "Inicio.mascota",
  "pk": 5,
  "fields": {
    "nombre": "Milaneso4",
    "peso": 12.0,
    "edad": 3,
    "sexo": "M",
    "descripcion": "Perro San Bernardo Bonito",
    "raza": 3,
    "imagen": null,
    "created_at": null,
    "updated_at": null,
    "deleted_at": null
  }
},
{
  "model": "Inicio.mascota",
  "pk": 6,
  "fields": {
    "nombre": "Milaneso5",
    "peso": 12.0,
    "edad": 3,
    "sexo": "H",
    "descripcion": "Perro San Bernardo Bonito",
    "raza": 3,
    "imagen": null,
    "created_at": null,
    "updated_at": null,
    "deleted_at": null
  }
},
{
  "model": "Inicio.mascota",
  "pk": 7,
  "fields": {
    "nombre": "Milaneso6",
    "peso": 12.0,
    "edad": 3,
    "sexo": "M",
    "descripcion": "Perro Pitbull Bonito",
    "raza": 4,
    "imagen": null,
    "created_at": null,
    "updated_at": null,
    "deleted_at": null
  }
},
{
  "model": "Inicio.mascota",
  "pk": 8,
  "fields": {
    "nombre": "Milaneso7",
    "peso": 12.0,
    "edad": 3,
    "sexo": "H",
    "descripcion": "Perro Pitbull Bonito",
    "raza": 4,
    "imagen": null,
    "created_at": null,
    "updated_at": null,
    "deleted_at": null
  }
},
{
  "model": "Inicio.mascota",
  "pk": 9,
  "fields": {
    "nombre": "Bicho1",
    "peso": 12.0,
    "edad": 3,
    "sexo": "M",
    "descripcion": "Gato Siames Bonito",
    "raza": 5,
    "imagen": null,
    "created_at": null,
    "updated_at": null,
    "deleted_at": null
  }
},
{
  "model": "Inicio.mascota",
  "pk": 10,
  "fields": {
    "nombre": "Bicho2",
    "peso": 12.0,
    "edad": 3,
    "sexo": "H",
    "descripcion": "Gato Siames Bonito",
    "raza": 5,
    "imagen": null,
    "created_at": null,
    "updated_at": null,
    "deleted_at": null
  }
},
{
  "model": "Inicio.mascota",
  "pk": 11,
  "fields": {
    "nombre": "Bicho3",
    "peso": 12.0,
    "edad": 3,
    "sexo": "M",
    "descripcion": "Gato Egipcio Bonito",
    "raza": 6,
    "imagen": null,
    "created_at": null,
    "updated_at": null,
    "deleted_at": null
  }
},
{
  "model": "Inicio.mascota",
  "pk": 12,
  "fields": {
    "nombre": "Bicho4",
    "peso": 12.0,
    "edad": 3,
    "sexo": "H",
    "descripcion": "Gato Egipcio Bonito",
    "raza": 6,
    "imagen": null,
    "created_at": null,
    "updated_at": null,
    "deleted_at": null
  }
},
{
  "model": "Inicio.mascota",
  "pk": 13,
  "fields": {
    "nombre": "Bicho5",
    "peso": 12.0,
    "edad": 3,
    "sexo": "M",
    "descripcion": "Gato Gris Bonito",
    "raza": 7,
    "imagen": null,
    "created_at": null,
    "updated_at": null,
    "deleted_at": null
  }
},
{
  "model": "Inicio.mascota",
  "pk": 14,
  "fields": {
    "nombre": "Bicho6",
    "peso": 12.0,
    "edad": 3,
    "sexo": "H",
    "descripcion": "Gato Gris Bonito",
    "raza": 7,
    "imagen": null,
    "created_at": null,
    "updated_at": null,
    "deleted_at": null
  }
},
{
  "model": "Inicio.mascota",
  "pk": 15,
  "fields": {
    "nombre": "Python",
    "peso": 12.0,
    "edad": 3,
    "sexo": "M",
    "descripcion": "Muy facil de aprender pero necesita que le des librerias constantemente",
    "raza": 8,
    "imagen": null,
    "created_at": null,
    "updated_at": null,
    "deleted_at": null
  }
},
{
  "model": "Inicio.mascota",
  "pk": 16,
  "fields": {
    "nombre": "Python2",
    "peso": 12.0,
    "edad": 3,
    "sexo": "H",
    "descripcion": "Muy facil de aprender pero necesita que le des librerias constantemente",
    "raza": 8,
    "imagen": null,
    "created_at": null,
    "updated_at": null,
    "deleted_at": null
  }
},
{
  "model": "Inicio.mascota",
  "pk": 17,
  "fields": {
    "nombre": "Piquin",
    "peso": 12.0,
    "edad": 3,
    "sexo": "M",
    "descripcion": "Se arrastra y es venenosa",
    "raza": 9,
    "imagen": null,
    "created_at": null,
    "updated_at": null,
    "deleted_at": null
  }
},
{
  "model": "Inicio.mascota",
  "pk": 18,
  "fields": {
    "nombre": "picon",
    "peso": 12.0,
    "edad": 3,
    "sexo": "H",
    "descripcion": "Se arrastra y es venenosa",
    "raza": 9,
    "imagen": null,
    "created_at": null,
    "updated_at": null,
    "deleted_at": null
  }
},
{
  "model": "Inicio.mascota",
  "pk": 19,
  "fields": {
    "nombre": "periquin",
    "peso": 12.0,
    "edad": 3,
    "sexo": "M",
    "descripcion": "De los que vuelan",
    "raza": 10,
    "imagen": null,
    "created_at": null,
    "updated_at": null,
    "deleted_at": null
  }
},
{
  "model": "Inicio.mascota",
  "pk": 20,
  "fields": {
    "nombre": "periquin2",
    "peso": 12.0,
    "edad": 3,
    "sexo": "H",
    "descripcion": "De los que vuelan",
    "raza": 10,
    "imagen": null,
    "created_at": null,
    "updated_at": null,
    "deleted_at": null
  }
},
{
  "model": "Inicio.mascota",
  "pk": 21,
  "fields": {
    "nombre": "periquin3",
    "peso": 12.0,
    "edad": 3,
    "sexo": "M",
    "descripcion": "De los que vuelan",
    "raza": 11,
    "imagen": null,
    "created_at": null,
    "updated_at": null,
    "deleted_at": null
  }
},
{
  "model": "Inicio.mascota",
  "pk": 22,
  "fields": {
    "nombre": "periquin3",
    "peso": 12.0,
    "edad": 3,
    "sexo": "H",
    "descripcion": "De los que vuelan",
    "raza": 11,
    "imagen": null,
    "created_at": null,
    "updated_at": null,
    "deleted_at": null
  }
},
{
  "model": "Inicio.mascota",
  "pk": 23,
  "fields": {
    "nombre": "Betito",
    "peso": 12.0,
    "edad": 3,
    "sexo": "M",
    "descripcion": "Aguas esos se mueren con agua fra",
    "raza": 12,
    "imagen": null,
    "created_at": null,
    "updated_at": null,
    "deleted_at": null
  }
},
{
  "model": "Inicio.mascota",
  "pk": 24,
  "fields": {
    "nombre": "Betito2",
    "peso": 12.0,
    "edad": 3,
    "sexo": "H",
    "descripcion": "De los que vuelan",
    "raza": 12,
    "imagen": null,
    "created_at": null,
    "updated_at": null,
    "deleted_at": null
  }
},
{
  "model": "Inicio.mascota",
  "pk": 25,
  "fields": {
    "nombre": "Mojarrin",
    "peso": 12.0,
    "edad": 3,
    "sexo": "M",
    "descripcion": "Solo pueden ser adoptadas por un veracruzano y puede que alguien de mazatlan",
    "raza": 13,
    "imagen": null,
    "created_at": null,
    "updated_at": null,
    "deleted_at": null
  }
},
{
  "model": "Inicio.mascota",
  "pk": 26,
  "fields": {
    "nombre": "Mojarron",
    "peso": 12.0,
    "edad": 3,
    "sexo": "H",
    "descripcion": "Solo pueden ser adoptadas por un veracruzano",
    "raza": 13,
    "imagen": null,
    "created_at": null,
    "updated_at": null,
    "deleted_at": null
  }
},
{
  "model": "Inicio.perfiles",
  "pk": 1,
  "fields": {
    "perfil": "Dependiente de refugio",
    "descripcion": "Encargado de administrar las adopciones",
    "status": 1,
    "created_at": null,
    "updated_at": null,
    "deleted_at": null
  }
},
{
  "model": "Inicio.perfiles",
  "pk": 2,
  "fields": {
    "perfil": "Administrador Web",
    "descripcion": "Admnistra el sitio web",
    "status": 1,
    "created_at": null,
    "updated_at": null,
    "deleted_at": null
  }
},
{
  "model": "Inicio.perfiles",
  "pk": 3,
  "fields": {
    "perfil": "Administrador de base de datos",
    "descripcion": "Administra la base de datos de la apliacacion web",
    "status": 1,
    "created_at": null,
    "updated_at": null,
    "deleted_at": null
  }
},
{
  "model": "Inicio.perfiles",
  "pk": 4,
  "fields": {
    "perfil": "Cliente",
    "descripcion": "Cliente interesado en adoptar",
    "status": 1,
    "created_at": null,
    "updated_at": null,
    "deleted_at": null
  }
},
{
  "model": "Inicio.perfiles",
  "pk": 6,
  "fields": {
    "perfil": "Lava Perros",
    "descripcion": "Baa a los perros y gatos",
    "status": 1,
    "created_at": null,
    "updated_at": null,
    "deleted_at": null
  }
},
{
  "model": "Inicio.raza",
  "pk": 1,
  "fields": {
    "especie": 1,
    "nombre_raza": "Pastor Aleman",
    "created_at": null,
    "updated_at": null,
    "deleted_at": null
  }
},
{
  "model": "Inicio.raza",
  "pk": 2,
  "fields": {
    "especie": 1,
    "nombre_raza": "Pastor Belga",
    "created_at": null,
    "updated_at": null,
    "deleted_at": null
  }
},
{
  "model": "Inicio.raza",
  "pk": 3,
  "fields": {
    "especie": 1,
    "nombre_raza": "San Bernardo",
    "created_at": null,
    "updated_at": null,
    "deleted_at": null
  }
},
{
  "model": "Inicio.raza",
  "pk": 4,
  "fields": {
    "especie": 1,
    "nombre_raza": "Pitbull",
    "created_at": null,
    "updated_at": null,
    "deleted_at": null
  }
},
{
  "model": "Inicio.raza",
  "pk": 5,
  "fields": {
    "especie": 2,
    "nombre_raza": "Siames",
    "created_at": null,
    "updated_at": null,
    "deleted_at": null
  }
},
{
  "model": "Inicio.raza",
  "pk": 6,
  "fields": {
    "especie": 2,
    "nombre_raza": "Egipcio",
    "created_at": null,
    "updated_at": null,
    "deleted_at": null
  }
},
{
  "model": "Inicio.raza",
  "pk": 7,
  "fields": {
    "especie": 2,
    "nombre_raza": "Gris",
    "created_at": null,
    "updated_at": null,
    "deleted_at": null
  }
},
{
  "model": "Inicio.raza",
  "pk": 8,
  "fields": {
    "especie": 3,
    "nombre_raza": "Python",
    "created_at": null,
    "updated_at": null,
    "deleted_at": null
  }
},
{
  "model": "Inicio.raza",
  "pk": 9,
  "fields": {
    "especie": 3,
    "nombre_raza": "Coralillo",
    "created_at": null,
    "updated_at": null,
    "deleted_at": null
  }
},
{
  "model": "Inicio.raza",
  "pk": 10,
  "fields": {
    "especie": 4,
    "nombre_raza": "Cacatuha",
    "created_at": null,
    "updated_at": null,
    "deleted_at": null
  }
},
{
  "model": "Inicio.raza",
  "pk": 11,
  "fields": {
    "especie": 4,
    "nombre_raza": "Cotorro",
    "created_at": null,
    "updated_at": null,
    "deleted_at": null
  }
},
{
  "model": "Inicio.raza",
  "pk": 12,
  "fields": {
    "especie": 5,
    "nombre_raza": "Beta",
    "created_at": null,
    "updated_at": null,
    "deleted_at": null
  }
},
{
  "model": "Inicio.raza",
  "pk": 13,
  "fields": {
    "especie": 5,
    "nombre_raza": "Mojarra",
    "created_at": null,
    "updated_at": null,
    "deleted_at": null
  }
},
{
  "model": "Inicio.raza",
  "pk": 14,
  "fields": {
    "especie": 5,
    "nombre_raza": "pollito",
    "created_at": null,
    "updated_at": null,
    "deleted_at": null
  }
}
]
